{"cameraMode":{"drawMode":0,"name":"Shaded","section":"Shading Mode"},"sceneLighting":true,"audioPlay":false,"sceneViewState":{"m_AlwaysRefresh":false,"showFog":true,"showSkybox":true,"showFlares":true,"showImageEffects":true,"showParticleSystems":true,"showVisualEffectGraphs":true,"m_FxEnabled":true},"in2DMode":false,"pivot":{"x":25.928922653198243,"y":2.5244593620300295,"z":5.7161712646484379},"rotation":{"x":0.00045868748566135764,"y":0.9982466697692871,"z":-0.05877469852566719,"w":0.007788298651576042},"size":5.714917182922363,"orthographic":false}